{"cameraMode":{"drawMode":0,"name":"Shaded","section":"Shading Mode"},"sceneLighting":true,"audioPlay":false,"sceneViewState":{"m_AlwaysRefresh":false,"showFog":true,"showSkybox":true,"showFlares":true,"showImageEffects":true,"showParticleSystems":true,"showVisualEffectGraphs":true,"m_FxEnabled":true},"in2DMode":false,"pivot":{"x":939.0371704101563,"y":1.3392696380615235,"z":-58.12202835083008},"rotation":{"x":0.02639332413673401,"y":0.7429916262626648,"z":-0.026278942823410035,"w":0.6687928438186646},"size":52.771018981933597,"orthographic":true}